iNumb:; 1;99;891;792;693;594;495;495;
iNumb:; 2;198;792;693;594;495;495;
iNumb:; 3;297;693;594;495;495;
iNumb:; 4;396;594;495;495;
iNumb:; 5;495;495;
iNumb:; 6;594;495;495;
iNumb:; 7;693;594;495;495;
iNumb:; 8;792;693;594;495;495;
iNumb:; 9;891;792;693;594;495;495;
iNumb:; 10;99;891;792;693;594;495;495;
iNumb:; 11;99;891;792;693;594;495;495;
iNumb:; 12;198;792;693;594;495;495;
iNumb:; 13;297;693;594;495;495;
iNumb:; 14;396;594;495;495;
iNumb:; 15;495;495;
iNumb:; 16;594;495;495;
iNumb:; 17;693;594;495;495;
iNumb:; 18;792;693;594;495;495;
iNumb:; 19;891;792;693;594;495;495;
iNumb:; 20;198;792;693;594;495;495;
iNumb:; 21;198;792;693;594;495;495;
iNumb:; 22;198;792;693;594;495;495;
iNumb:; 23;297;693;594;495;495;
iNumb:; 24;396;594;495;495;
iNumb:; 25;495;495;
iNumb:; 26;594;495;495;
iNumb:; 27;693;594;495;495;
iNumb:; 28;792;693;594;495;495;
iNumb:; 29;891;792;693;594;495;495;
iNumb:; 30;297;693;594;495;495;
iNumb:; 31;297;693;594;495;495;
iNumb:; 32;297;693;594;495;495;
iNumb:; 33;297;693;594;495;495;
iNumb:; 34;396;594;495;495;
iNumb:; 35;495;495;
iNumb:; 36;594;495;495;
iNumb:; 37;693;594;495;495;
iNumb:; 38;792;693;594;495;495;
iNumb:; 39;891;792;693;594;495;495;
iNumb:; 40;396;594;495;495;
iNumb:; 41;396;594;495;495;
iNumb:; 42;396;594;495;495;
iNumb:; 43;396;594;495;495;
iNumb:; 44;396;594;495;495;
iNumb:; 45;495;495;
iNumb:; 46;594;495;495;
iNumb:; 47;693;594;495;495;
iNumb:; 48;792;693;594;495;495;
iNumb:; 49;891;792;693;594;495;495;
iNumb:; 50;495;495;
iNumb:; 51;495;495;
iNumb:; 52;495;495;
iNumb:; 53;495;495;
iNumb:; 54;495;495;
iNumb:; 55;495;495;
iNumb:; 56;594;495;495;
iNumb:; 57;693;594;495;495;
iNumb:; 58;792;693;594;495;495;
iNumb:; 59;891;792;693;594;495;495;
iNumb:; 60;594;495;495;
iNumb:; 61;594;495;495;
iNumb:; 62;594;495;495;
iNumb:; 63;594;495;495;
iNumb:; 64;594;495;495;
iNumb:; 65;594;495;495;
iNumb:; 66;594;495;495;
iNumb:; 67;693;594;495;495;
iNumb:; 68;792;693;594;495;495;
iNumb:; 69;891;792;693;594;495;495;
iNumb:; 70;693;594;495;495;
iNumb:; 71;693;594;495;495;
iNumb:; 72;693;594;495;495;
iNumb:; 73;693;594;495;495;
iNumb:; 74;693;594;495;495;
iNumb:; 75;693;594;495;495;
iNumb:; 76;693;594;495;495;
iNumb:; 77;693;594;495;495;
iNumb:; 78;792;693;594;495;495;
iNumb:; 79;891;792;693;594;495;495;
iNumb:; 80;792;693;594;495;495;
iNumb:; 81;792;693;594;495;495;
iNumb:; 82;792;693;594;495;495;
iNumb:; 83;792;693;594;495;495;
iNumb:; 84;792;693;594;495;495;
iNumb:; 85;792;693;594;495;495;
iNumb:; 86;792;693;594;495;495;
iNumb:; 87;792;693;594;495;495;
iNumb:; 88;792;693;594;495;495;
iNumb:; 89;891;792;693;594;495;495;
iNumb:; 90;891;792;693;594;495;495;
iNumb:; 91;891;792;693;594;495;495;
iNumb:; 92;891;792;693;594;495;495;
iNumb:; 93;891;792;693;594;495;495;
iNumb:; 94;891;792;693;594;495;495;
iNumb:; 95;891;792;693;594;495;495;
iNumb:; 96;891;792;693;594;495;495;
iNumb:; 97;891;792;693;594;495;495;
iNumb:; 98;891;792;693;594;495;495;
iNumb:; 99;891;792;693;594;495;495;
iNumb:; 100;99;891;792;693;594;495;495;
iNumb:; 101;99;891;792;693;594;495;495;
iNumb:; 102;198;792;693;594;495;495;
iNumb:; 103;297;693;594;495;495;
iNumb:; 104;396;594;495;495;
iNumb:; 105;495;495;
iNumb:; 106;594;495;495;
iNumb:; 107;693;594;495;495;
iNumb:; 108;792;693;594;495;495;
iNumb:; 109;891;792;693;594;495;495;
iNumb:; 110;99;891;792;693;594;495;495;
iNumb:; 112;99;891;792;693;594;495;495;
iNumb:; 113;198;792;693;594;495;495;
iNumb:; 114;297;693;594;495;495;
iNumb:; 115;396;594;495;495;
iNumb:; 116;495;495;
iNumb:; 117;594;495;495;
iNumb:; 118;693;594;495;495;
iNumb:; 119;792;693;594;495;495;
iNumb:; 120;198;792;693;594;495;495;
iNumb:; 121;99;891;792;693;594;495;495;
iNumb:; 122;99;891;792;693;594;495;495;
iNumb:; 123;198;792;693;594;495;495;
iNumb:; 124;297;693;594;495;495;
iNumb:; 125;396;594;495;495;
iNumb:; 126;495;495;
iNumb:; 127;594;495;495;
iNumb:; 128;693;594;495;495;
iNumb:; 129;792;693;594;495;495;
iNumb:; 130;297;693;594;495;495;
iNumb:; 131;198;792;693;594;495;495;
iNumb:; 132;198;792;693;594;495;495;
iNumb:; 133;198;792;693;594;495;495;
iNumb:; 134;297;693;594;495;495;
iNumb:; 135;396;594;495;495;
iNumb:; 136;495;495;
iNumb:; 137;594;495;495;
iNumb:; 138;693;594;495;495;
iNumb:; 139;792;693;594;495;495;
iNumb:; 140;396;594;495;495;
iNumb:; 141;297;693;594;495;495;
iNumb:; 142;297;693;594;495;495;
iNumb:; 143;297;693;594;495;495;
iNumb:; 144;297;693;594;495;495;
iNumb:; 145;396;594;495;495;
iNumb:; 146;495;495;
iNumb:; 147;594;495;495;
iNumb:; 148;693;594;495;495;
iNumb:; 149;792;693;594;495;495;
iNumb:; 150;495;495;
iNumb:; 151;396;594;495;495;
iNumb:; 152;396;594;495;495;
iNumb:; 153;396;594;495;495;
iNumb:; 154;396;594;495;495;
iNumb:; 155;396;594;495;495;
iNumb:; 156;495;495;
iNumb:; 157;594;495;495;
iNumb:; 158;693;594;495;495;
iNumb:; 159;792;693;594;495;495;
iNumb:; 160;594;495;495;
iNumb:; 161;495;495;
iNumb:; 162;495;495;
iNumb:; 163;495;495;
iNumb:; 164;495;495;
iNumb:; 165;495;495;
iNumb:; 166;495;495;
iNumb:; 167;594;495;495;
iNumb:; 168;693;594;495;495;
iNumb:; 169;792;693;594;495;495;
iNumb:; 170;693;594;495;495;
iNumb:; 171;594;495;495;
iNumb:; 172;594;495;495;
iNumb:; 173;594;495;495;
iNumb:; 174;594;495;495;
iNumb:; 175;594;495;495;
iNumb:; 176;594;495;495;
iNumb:; 177;594;495;495;
iNumb:; 178;693;594;495;495;
iNumb:; 179;792;693;594;495;495;
iNumb:; 180;792;693;594;495;495;
iNumb:; 181;693;594;495;495;
iNumb:; 182;693;594;495;495;
iNumb:; 183;693;594;495;495;
iNumb:; 184;693;594;495;495;
iNumb:; 185;693;594;495;495;
iNumb:; 186;693;594;495;495;
iNumb:; 187;693;594;495;495;
iNumb:; 188;693;594;495;495;
iNumb:; 189;792;693;594;495;495;
iNumb:; 190;891;792;693;594;495;495;
iNumb:; 191;792;693;594;495;495;
iNumb:; 192;792;693;594;495;495;
iNumb:; 193;792;693;594;495;495;
iNumb:; 194;792;693;594;495;495;
iNumb:; 195;792;693;594;495;495;
iNumb:; 196;792;693;594;495;495;
iNumb:; 197;792;693;594;495;495;
iNumb:; 198;792;693;594;495;495;
iNumb:; 199;792;693;594;495;495;
iNumb:; 200;198;792;693;594;495;495;
iNumb:; 201;198;792;693;594;495;495;
iNumb:; 202;198;792;693;594;495;495;
iNumb:; 203;297;693;594;495;495;
iNumb:; 204;396;594;495;495;
iNumb:; 205;495;495;
iNumb:; 206;594;495;495;
iNumb:; 207;693;594;495;495;
iNumb:; 208;792;693;594;495;495;
iNumb:; 209;891;792;693;594;495;495;
iNumb:; 210;198;792;693;594;495;495;
iNumb:; 211;99;891;792;693;594;495;495;
iNumb:; 212;99;891;792;693;594;495;495;
iNumb:; 213;198;792;693;594;495;495;
iNumb:; 214;297;693;594;495;495;
iNumb:; 215;396;594;495;495;
iNumb:; 216;495;495;
iNumb:; 217;594;495;495;
iNumb:; 218;693;594;495;495;
iNumb:; 219;792;693;594;495;495;
iNumb:; 220;198;792;693;594;495;495;
iNumb:; 221;99;891;792;693;594;495;495;
iNumb:; 223;99;891;792;693;594;495;495;
iNumb:; 224;198;792;693;594;495;495;
iNumb:; 225;297;693;594;495;495;
iNumb:; 226;396;594;495;495;
iNumb:; 227;495;495;
iNumb:; 228;594;495;495;
iNumb:; 229;693;594;495;495;
iNumb:; 230;297;693;594;495;495;
iNumb:; 231;198;792;693;594;495;495;
iNumb:; 232;99;891;792;693;594;495;495;
iNumb:; 233;99;891;792;693;594;495;495;
iNumb:; 234;198;792;693;594;495;495;
iNumb:; 235;297;693;594;495;495;
iNumb:; 236;396;594;495;495;
iNumb:; 237;495;495;
iNumb:; 238;594;495;495;
iNumb:; 239;693;594;495;495;
iNumb:; 240;396;594;495;495;
iNumb:; 241;297;693;594;495;495;
iNumb:; 242;198;792;693;594;495;495;
iNumb:; 243;198;792;693;594;495;495;
iNumb:; 244;198;792;693;594;495;495;
iNumb:; 245;297;693;594;495;495;
iNumb:; 246;396;594;495;495;
iNumb:; 247;495;495;
iNumb:; 248;594;495;495;
iNumb:; 249;693;594;495;495;
iNumb:; 250;495;495;
iNumb:; 251;396;594;495;495;
iNumb:; 252;297;693;594;495;495;
iNumb:; 253;297;693;594;495;495;
iNumb:; 254;297;693;594;495;495;
iNumb:; 255;297;693;594;495;495;
iNumb:; 256;396;594;495;495;
iNumb:; 257;495;495;
iNumb:; 258;594;495;495;
iNumb:; 259;693;594;495;495;
iNumb:; 260;594;495;495;
iNumb:; 261;495;495;
iNumb:; 262;396;594;495;495;
iNumb:; 263;396;594;495;495;
iNumb:; 264;396;594;495;495;
iNumb:; 265;396;594;495;495;
iNumb:; 266;396;594;495;495;
iNumb:; 267;495;495;
iNumb:; 268;594;495;495;
iNumb:; 269;693;594;495;495;
iNumb:; 270;693;594;495;495;
iNumb:; 271;594;495;495;
iNumb:; 272;495;495;
iNumb:; 273;495;495;
iNumb:; 274;495;495;
iNumb:; 275;495;495;
iNumb:; 276;495;495;
iNumb:; 277;495;495;
iNumb:; 278;594;495;495;
iNumb:; 279;693;594;495;495;
iNumb:; 280;792;693;594;495;495;
iNumb:; 281;693;594;495;495;
iNumb:; 282;594;495;495;
iNumb:; 283;594;495;495;
iNumb:; 284;594;495;495;
iNumb:; 285;594;495;495;
iNumb:; 286;594;495;495;
iNumb:; 287;594;495;495;
iNumb:; 288;594;495;495;
iNumb:; 289;693;594;495;495;
iNumb:; 290;891;792;693;594;495;495;
iNumb:; 291;792;693;594;495;495;
iNumb:; 292;693;594;495;495;
iNumb:; 293;693;594;495;495;
iNumb:; 294;693;594;495;495;
iNumb:; 295;693;594;495;495;
iNumb:; 296;693;594;495;495;
iNumb:; 297;693;594;495;495;
iNumb:; 298;693;594;495;495;
iNumb:; 299;693;594;495;495;
iNumb:; 300;297;693;594;495;495;
iNumb:; 301;297;693;594;495;495;
iNumb:; 302;297;693;594;495;495;
iNumb:; 303;297;693;594;495;495;
iNumb:; 304;396;594;495;495;
iNumb:; 305;495;495;
iNumb:; 306;594;495;495;
iNumb:; 307;693;594;495;495;
iNumb:; 308;792;693;594;495;495;
iNumb:; 309;891;792;693;594;495;495;
iNumb:; 310;297;693;594;495;495;
iNumb:; 311;198;792;693;594;495;495;
iNumb:; 312;198;792;693;594;495;495;
iNumb:; 313;198;792;693;594;495;495;
iNumb:; 314;297;693;594;495;495;
iNumb:; 315;396;594;495;495;
iNumb:; 316;495;495;
iNumb:; 317;594;495;495;
iNumb:; 318;693;594;495;495;
iNumb:; 319;792;693;594;495;495;
iNumb:; 320;297;693;594;495;495;
iNumb:; 321;198;792;693;594;495;495;
iNumb:; 322;99;891;792;693;594;495;495;
iNumb:; 323;99;891;792;693;594;495;495;
iNumb:; 324;198;792;693;594;495;495;
iNumb:; 325;297;693;594;495;495;
iNumb:; 326;396;594;495;495;
iNumb:; 327;495;495;
iNumb:; 328;594;495;495;
iNumb:; 329;693;594;495;495;
iNumb:; 330;297;693;594;495;495;
iNumb:; 331;198;792;693;594;495;495;
iNumb:; 332;99;891;792;693;594;495;495;
iNumb:; 334;99;891;792;693;594;495;495;
iNumb:; 335;198;792;693;594;495;495;
iNumb:; 336;297;693;594;495;495;
iNumb:; 337;396;594;495;495;
iNumb:; 338;495;495;
iNumb:; 339;594;495;495;
iNumb:; 340;396;594;495;495;
iNumb:; 341;297;693;594;495;495;
iNumb:; 342;198;792;693;594;495;495;
iNumb:; 343;99;891;792;693;594;495;495;
iNumb:; 344;99;891;792;693;594;495;495;
iNumb:; 345;198;792;693;594;495;495;
iNumb:; 346;297;693;594;495;495;
iNumb:; 347;396;594;495;495;
iNumb:; 348;495;495;
iNumb:; 349;594;495;495;
iNumb:; 350;495;495;
iNumb:; 351;396;594;495;495;
iNumb:; 352;297;693;594;495;495;
iNumb:; 353;198;792;693;594;495;495;
iNumb:; 354;198;792;693;594;495;495;
iNumb:; 355;198;792;693;594;495;495;
iNumb:; 356;297;693;594;495;495;
iNumb:; 357;396;594;495;495;
iNumb:; 358;495;495;
iNumb:; 359;594;495;495;
iNumb:; 360;594;495;495;
iNumb:; 361;495;495;
iNumb:; 362;396;594;495;495;
iNumb:; 363;297;693;594;495;495;
iNumb:; 364;297;693;594;495;495;
iNumb:; 365;297;693;594;495;495;
iNumb:; 366;297;693;594;495;495;
iNumb:; 367;396;594;495;495;
iNumb:; 368;495;495;
iNumb:; 369;594;495;495;
iNumb:; 370;693;594;495;495;
iNumb:; 371;594;495;495;
iNumb:; 372;495;495;
iNumb:; 373;396;594;495;495;
iNumb:; 374;396;594;495;495;
iNumb:; 375;396;594;495;495;
iNumb:; 376;396;594;495;495;
iNumb:; 377;396;594;495;495;
iNumb:; 378;495;495;
iNumb:; 379;594;495;495;
iNumb:; 380;792;693;594;495;495;
iNumb:; 381;693;594;495;495;
iNumb:; 382;594;495;495;
iNumb:; 383;495;495;
iNumb:; 384;495;495;
iNumb:; 385;495;495;
iNumb:; 386;495;495;
iNumb:; 387;495;495;
iNumb:; 388;495;495;
iNumb:; 389;594;495;495;
iNumb:; 390;891;792;693;594;495;495;
iNumb:; 391;792;693;594;495;495;
iNumb:; 392;693;594;495;495;
iNumb:; 393;594;495;495;
iNumb:; 394;594;495;495;
iNumb:; 395;594;495;495;
iNumb:; 396;594;495;495;
iNumb:; 397;594;495;495;
iNumb:; 398;594;495;495;
iNumb:; 399;594;495;495;
iNumb:; 400;396;594;495;495;
iNumb:; 401;396;594;495;495;
iNumb:; 402;396;594;495;495;
iNumb:; 403;396;594;495;495;
iNumb:; 404;396;594;495;495;
iNumb:; 405;495;495;
iNumb:; 406;594;495;495;
iNumb:; 407;693;594;495;495;
iNumb:; 408;792;693;594;495;495;
iNumb:; 409;891;792;693;594;495;495;
iNumb:; 410;396;594;495;495;
iNumb:; 411;297;693;594;495;495;
iNumb:; 412;297;693;594;495;495;
iNumb:; 413;297;693;594;495;495;
iNumb:; 414;297;693;594;495;495;
iNumb:; 415;396;594;495;495;
iNumb:; 416;495;495;
iNumb:; 417;594;495;495;
iNumb:; 418;693;594;495;495;
iNumb:; 419;792;693;594;495;495;
iNumb:; 420;396;594;495;495;
iNumb:; 421;297;693;594;495;495;
iNumb:; 422;198;792;693;594;495;495;
iNumb:; 423;198;792;693;594;495;495;
iNumb:; 424;198;792;693;594;495;495;
iNumb:; 425;297;693;594;495;495;
iNumb:; 426;396;594;495;495;
iNumb:; 427;495;495;
iNumb:; 428;594;495;495;
iNumb:; 429;693;594;495;495;
iNumb:; 430;396;594;495;495;
iNumb:; 431;297;693;594;495;495;
iNumb:; 432;198;792;693;594;495;495;
iNumb:; 433;99;891;792;693;594;495;495;
iNumb:; 434;99;891;792;693;594;495;495;
iNumb:; 435;198;792;693;594;495;495;
iNumb:; 436;297;693;594;495;495;
iNumb:; 437;396;594;495;495;
iNumb:; 438;495;495;
iNumb:; 439;594;495;495;
iNumb:; 440;396;594;495;495;
iNumb:; 441;297;693;594;495;495;
iNumb:; 442;198;792;693;594;495;495;
iNumb:; 443;99;891;792;693;594;495;495;
iNumb:; 445;99;891;792;693;594;495;495;
iNumb:; 446;198;792;693;594;495;495;
iNumb:; 447;297;693;594;495;495;
iNumb:; 448;396;594;495;495;
iNumb:; 449;495;495;
iNumb:; 450;495;495;
iNumb:; 451;396;594;495;495;
iNumb:; 452;297;693;594;495;495;
iNumb:; 453;198;792;693;594;495;495;
iNumb:; 454;99;891;792;693;594;495;495;
iNumb:; 455;99;891;792;693;594;495;495;
iNumb:; 456;198;792;693;594;495;495;
iNumb:; 457;297;693;594;495;495;
iNumb:; 458;396;594;495;495;
iNumb:; 459;495;495;
iNumb:; 460;594;495;495;
iNumb:; 461;495;495;
iNumb:; 462;396;594;495;495;
iNumb:; 463;297;693;594;495;495;
iNumb:; 464;198;792;693;594;495;495;
iNumb:; 465;198;792;693;594;495;495;
iNumb:; 466;198;792;693;594;495;495;
iNumb:; 467;297;693;594;495;495;
iNumb:; 468;396;594;495;495;
iNumb:; 469;495;495;
iNumb:; 470;693;594;495;495;
iNumb:; 471;594;495;495;
iNumb:; 472;495;495;
iNumb:; 473;396;594;495;495;
iNumb:; 474;297;693;594;495;495;
iNumb:; 475;297;693;594;495;495;
iNumb:; 476;297;693;594;495;495;
iNumb:; 477;297;693;594;495;495;
iNumb:; 478;396;594;495;495;
iNumb:; 479;495;495;
iNumb:; 480;792;693;594;495;495;
iNumb:; 481;693;594;495;495;
iNumb:; 482;594;495;495;
iNumb:; 483;495;495;
iNumb:; 484;396;594;495;495;
iNumb:; 485;396;594;495;495;
iNumb:; 486;396;594;495;495;
iNumb:; 487;396;594;495;495;
iNumb:; 488;396;594;495;495;
iNumb:; 489;495;495;
iNumb:; 490;891;792;693;594;495;495;
iNumb:; 491;792;693;594;495;495;
iNumb:; 492;693;594;495;495;
iNumb:; 493;594;495;495;
iNumb:; 494;495;495;
iNumb:; 495;495;495;
iNumb:; 496;495;495;
iNumb:; 497;495;495;
iNumb:; 498;495;495;
iNumb:; 499;495;495;
iNumb:; 500;495;495;
iNumb:; 501;495;495;
iNumb:; 502;495;495;
iNumb:; 503;495;495;
iNumb:; 504;495;495;
iNumb:; 505;495;495;
iNumb:; 506;594;495;495;
iNumb:; 507;693;594;495;495;
iNumb:; 508;792;693;594;495;495;
iNumb:; 509;891;792;693;594;495;495;
iNumb:; 510;495;495;
iNumb:; 511;396;594;495;495;
iNumb:; 512;396;594;495;495;
iNumb:; 513;396;594;495;495;
iNumb:; 514;396;594;495;495;
iNumb:; 515;396;594;495;495;
iNumb:; 516;495;495;
iNumb:; 517;594;495;495;
iNumb:; 518;693;594;495;495;
iNumb:; 519;792;693;594;495;495;
iNumb:; 520;495;495;
iNumb:; 521;396;594;495;495;
iNumb:; 522;297;693;594;495;495;
iNumb:; 523;297;693;594;495;495;
iNumb:; 524;297;693;594;495;495;
iNumb:; 525;297;693;594;495;495;
iNumb:; 526;396;594;495;495;
iNumb:; 527;495;495;
iNumb:; 528;594;495;495;
iNumb:; 529;693;594;495;495;
iNumb:; 530;495;495;
iNumb:; 531;396;594;495;495;
iNumb:; 532;297;693;594;495;495;
iNumb:; 533;198;792;693;594;495;495;
iNumb:; 534;198;792;693;594;495;495;
iNumb:; 535;198;792;693;594;495;495;
iNumb:; 536;297;693;594;495;495;
iNumb:; 537;396;594;495;495;
iNumb:; 538;495;495;
iNumb:; 539;594;495;495;
iNumb:; 540;495;495;
iNumb:; 541;396;594;495;495;
iNumb:; 542;297;693;594;495;495;
iNumb:; 543;198;792;693;594;495;495;
iNumb:; 544;99;891;792;693;594;495;495;
iNumb:; 545;99;891;792;693;594;495;495;
iNumb:; 546;198;792;693;594;495;495;
iNumb:; 547;297;693;594;495;495;
iNumb:; 548;396;594;495;495;
iNumb:; 549;495;495;
iNumb:; 550;495;495;
iNumb:; 551;396;594;495;495;
iNumb:; 552;297;693;594;495;495;
iNumb:; 553;198;792;693;594;495;495;
iNumb:; 554;99;891;792;693;594;495;495;
iNumb:; 556;99;891;792;693;594;495;495;
iNumb:; 557;198;792;693;594;495;495;
iNumb:; 558;297;693;594;495;495;
iNumb:; 559;396;594;495;495;
iNumb:; 560;594;495;495;
iNumb:; 561;495;495;
iNumb:; 562;396;594;495;495;
iNumb:; 563;297;693;594;495;495;
iNumb:; 564;198;792;693;594;495;495;
iNumb:; 565;99;891;792;693;594;495;495;
iNumb:; 566;99;891;792;693;594;495;495;
iNumb:; 567;198;792;693;594;495;495;
iNumb:; 568;297;693;594;495;495;
iNumb:; 569;396;594;495;495;
iNumb:; 570;693;594;495;495;
iNumb:; 571;594;495;495;
iNumb:; 572;495;495;
iNumb:; 573;396;594;495;495;
iNumb:; 574;297;693;594;495;495;
iNumb:; 575;198;792;693;594;495;495;
iNumb:; 576;198;792;693;594;495;495;
iNumb:; 577;198;792;693;594;495;495;
iNumb:; 578;297;693;594;495;495;
iNumb:; 579;396;594;495;495;
iNumb:; 580;792;693;594;495;495;
iNumb:; 581;693;594;495;495;
iNumb:; 582;594;495;495;
iNumb:; 583;495;495;
iNumb:; 584;396;594;495;495;
iNumb:; 585;297;693;594;495;495;
iNumb:; 586;297;693;594;495;495;
iNumb:; 587;297;693;594;495;495;
iNumb:; 588;297;693;594;495;495;
iNumb:; 589;396;594;495;495;
iNumb:; 590;891;792;693;594;495;495;
iNumb:; 591;792;693;594;495;495;
iNumb:; 592;693;594;495;495;
iNumb:; 593;594;495;495;
iNumb:; 594;495;495;
iNumb:; 595;396;594;495;495;
iNumb:; 596;396;594;495;495;
iNumb:; 597;396;594;495;495;
iNumb:; 598;396;594;495;495;
iNumb:; 599;396;594;495;495;
iNumb:; 600;594;495;495;
iNumb:; 601;594;495;495;
iNumb:; 602;594;495;495;
iNumb:; 603;594;495;495;
iNumb:; 604;594;495;495;
iNumb:; 605;594;495;495;
iNumb:; 606;594;495;495;
iNumb:; 607;693;594;495;495;
iNumb:; 608;792;693;594;495;495;
iNumb:; 609;891;792;693;594;495;495;
iNumb:; 610;594;495;495;
iNumb:; 611;495;495;
iNumb:; 612;495;495;
iNumb:; 613;495;495;
iNumb:; 614;495;495;
iNumb:; 615;495;495;
iNumb:; 616;495;495;
iNumb:; 617;594;495;495;
iNumb:; 618;693;594;495;495;
iNumb:; 619;792;693;594;495;495;
iNumb:; 620;594;495;495;
iNumb:; 621;495;495;
iNumb:; 622;396;594;495;495;
iNumb:; 623;396;594;495;495;
iNumb:; 624;396;594;495;495;
iNumb:; 625;396;594;495;495;
iNumb:; 626;396;594;495;495;
iNumb:; 627;495;495;
iNumb:; 628;594;495;495;
iNumb:; 629;693;594;495;495;
iNumb:; 630;594;495;495;
iNumb:; 631;495;495;
iNumb:; 632;396;594;495;495;
iNumb:; 633;297;693;594;495;495;
iNumb:; 634;297;693;594;495;495;
iNumb:; 635;297;693;594;495;495;
iNumb:; 636;297;693;594;495;495;
iNumb:; 637;396;594;495;495;
iNumb:; 638;495;495;
iNumb:; 639;594;495;495;
iNumb:; 640;594;495;495;
iNumb:; 641;495;495;
iNumb:; 642;396;594;495;495;
iNumb:; 643;297;693;594;495;495;
iNumb:; 644;198;792;693;594;495;495;
iNumb:; 645;198;792;693;594;495;495;
iNumb:; 646;198;792;693;594;495;495;
iNumb:; 647;297;693;594;495;495;
iNumb:; 648;396;594;495;495;
iNumb:; 649;495;495;
iNumb:; 650;594;495;495;
iNumb:; 651;495;495;
iNumb:; 652;396;594;495;495;
iNumb:; 653;297;693;594;495;495;
iNumb:; 654;198;792;693;594;495;495;
iNumb:; 655;99;891;792;693;594;495;495;
iNumb:; 656;99;891;792;693;594;495;495;
iNumb:; 657;198;792;693;594;495;495;
iNumb:; 658;297;693;594;495;495;
iNumb:; 659;396;594;495;495;
iNumb:; 660;594;495;495;
iNumb:; 661;495;495;
iNumb:; 662;396;594;495;495;
iNumb:; 663;297;693;594;495;495;
iNumb:; 664;198;792;693;594;495;495;
iNumb:; 665;99;891;792;693;594;495;495;
iNumb:; 667;99;891;792;693;594;495;495;
iNumb:; 668;198;792;693;594;495;495;
iNumb:; 669;297;693;594;495;495;
iNumb:; 670;693;594;495;495;
iNumb:; 671;594;495;495;
iNumb:; 672;495;495;
iNumb:; 673;396;594;495;495;
iNumb:; 674;297;693;594;495;495;
iNumb:; 675;198;792;693;594;495;495;
iNumb:; 676;99;891;792;693;594;495;495;
iNumb:; 677;99;891;792;693;594;495;495;
iNumb:; 678;198;792;693;594;495;495;
iNumb:; 679;297;693;594;495;495;
iNumb:; 680;792;693;594;495;495;
iNumb:; 681;693;594;495;495;
iNumb:; 682;594;495;495;
iNumb:; 683;495;495;
iNumb:; 684;396;594;495;495;
iNumb:; 685;297;693;594;495;495;
iNumb:; 686;198;792;693;594;495;495;
iNumb:; 687;198;792;693;594;495;495;
iNumb:; 688;198;792;693;594;495;495;
iNumb:; 689;297;693;594;495;495;
iNumb:; 690;891;792;693;594;495;495;
iNumb:; 691;792;693;594;495;495;
iNumb:; 692;693;594;495;495;
iNumb:; 693;594;495;495;
iNumb:; 694;495;495;
iNumb:; 695;396;594;495;495;
iNumb:; 696;297;693;594;495;495;
iNumb:; 697;297;693;594;495;495;
iNumb:; 698;297;693;594;495;495;
iNumb:; 699;297;693;594;495;495;
iNumb:; 700;693;594;495;495;
iNumb:; 701;693;594;495;495;
iNumb:; 702;693;594;495;495;
iNumb:; 703;693;594;495;495;
iNumb:; 704;693;594;495;495;
iNumb:; 705;693;594;495;495;
iNumb:; 706;693;594;495;495;
iNumb:; 707;693;594;495;495;
iNumb:; 708;792;693;594;495;495;
iNumb:; 709;891;792;693;594;495;495;
iNumb:; 710;693;594;495;495;
iNumb:; 711;594;495;495;
iNumb:; 712;594;495;495;
iNumb:; 713;594;495;495;
iNumb:; 714;594;495;495;
iNumb:; 715;594;495;495;
iNumb:; 716;594;495;495;
iNumb:; 717;594;495;495;
iNumb:; 718;693;594;495;495;
iNumb:; 719;792;693;594;495;495;
iNumb:; 720;693;594;495;495;
iNumb:; 721;594;495;495;
iNumb:; 722;495;495;
iNumb:; 723;495;495;
iNumb:; 724;495;495;
iNumb:; 725;495;495;
iNumb:; 726;495;495;
iNumb:; 727;495;495;
iNumb:; 728;594;495;495;
iNumb:; 729;693;594;495;495;
iNumb:; 730;693;594;495;495;
iNumb:; 731;594;495;495;
iNumb:; 732;495;495;
iNumb:; 733;396;594;495;495;
iNumb:; 734;396;594;495;495;
iNumb:; 735;396;594;495;495;
iNumb:; 736;396;594;495;495;
iNumb:; 737;396;594;495;495;
iNumb:; 738;495;495;
iNumb:; 739;594;495;495;
iNumb:; 740;693;594;495;495;
iNumb:; 741;594;495;495;
iNumb:; 742;495;495;
iNumb:; 743;396;594;495;495;
iNumb:; 744;297;693;594;495;495;
iNumb:; 745;297;693;594;495;495;
iNumb:; 746;297;693;594;495;495;
iNumb:; 747;297;693;594;495;495;
iNumb:; 748;396;594;495;495;
iNumb:; 749;495;495;
iNumb:; 750;693;594;495;495;
iNumb:; 751;594;495;495;
iNumb:; 752;495;495;
iNumb:; 753;396;594;495;495;
iNumb:; 754;297;693;594;495;495;
iNumb:; 755;198;792;693;594;495;495;
iNumb:; 756;198;792;693;594;495;495;
iNumb:; 757;198;792;693;594;495;495;
iNumb:; 758;297;693;594;495;495;
iNumb:; 759;396;594;495;495;
iNumb:; 760;693;594;495;495;
iNumb:; 761;594;495;495;
iNumb:; 762;495;495;
iNumb:; 763;396;594;495;495;
iNumb:; 764;297;693;594;495;495;
iNumb:; 765;198;792;693;594;495;495;
iNumb:; 766;99;891;792;693;594;495;495;
iNumb:; 767;99;891;792;693;594;495;495;
iNumb:; 768;198;792;693;594;495;495;
iNumb:; 769;297;693;594;495;495;
iNumb:; 770;693;594;495;495;
iNumb:; 771;594;495;495;
iNumb:; 772;495;495;
iNumb:; 773;396;594;495;495;
iNumb:; 774;297;693;594;495;495;
iNumb:; 775;198;792;693;594;495;495;
iNumb:; 776;99;891;792;693;594;495;495;
iNumb:; 778;99;891;792;693;594;495;495;
iNumb:; 779;198;792;693;594;495;495;
iNumb:; 780;792;693;594;495;495;
iNumb:; 781;693;594;495;495;
iNumb:; 782;594;495;495;
iNumb:; 783;495;495;
iNumb:; 784;396;594;495;495;
iNumb:; 785;297;693;594;495;495;
iNumb:; 786;198;792;693;594;495;495;
iNumb:; 787;99;891;792;693;594;495;495;
iNumb:; 788;99;891;792;693;594;495;495;
iNumb:; 789;198;792;693;594;495;495;
iNumb:; 790;891;792;693;594;495;495;
iNumb:; 791;792;693;594;495;495;
iNumb:; 792;693;594;495;495;
iNumb:; 793;594;495;495;
iNumb:; 794;495;495;
iNumb:; 795;396;594;495;495;
iNumb:; 796;297;693;594;495;495;
iNumb:; 797;198;792;693;594;495;495;
iNumb:; 798;198;792;693;594;495;495;
iNumb:; 799;198;792;693;594;495;495;
iNumb:; 800;792;693;594;495;495;
iNumb:; 801;792;693;594;495;495;
iNumb:; 802;792;693;594;495;495;
iNumb:; 803;792;693;594;495;495;
iNumb:; 804;792;693;594;495;495;
iNumb:; 805;792;693;594;495;495;
iNumb:; 806;792;693;594;495;495;
iNumb:; 807;792;693;594;495;495;
iNumb:; 808;792;693;594;495;495;
iNumb:; 809;891;792;693;594;495;495;
iNumb:; 810;792;693;594;495;495;
iNumb:; 811;693;594;495;495;
iNumb:; 812;693;594;495;495;
iNumb:; 813;693;594;495;495;
iNumb:; 814;693;594;495;495;
iNumb:; 815;693;594;495;495;
iNumb:; 816;693;594;495;495;
iNumb:; 817;693;594;495;495;
iNumb:; 818;693;594;495;495;
iNumb:; 819;792;693;594;495;495;
iNumb:; 820;792;693;594;495;495;
iNumb:; 821;693;594;495;495;
iNumb:; 822;594;495;495;
iNumb:; 823;594;495;495;
iNumb:; 824;594;495;495;
iNumb:; 825;594;495;495;
iNumb:; 826;594;495;495;
iNumb:; 827;594;495;495;
iNumb:; 828;594;495;495;
iNumb:; 829;693;594;495;495;
iNumb:; 830;792;693;594;495;495;
iNumb:; 831;693;594;495;495;
iNumb:; 832;594;495;495;
iNumb:; 833;495;495;
iNumb:; 834;495;495;
iNumb:; 835;495;495;
iNumb:; 836;495;495;
iNumb:; 837;495;495;
iNumb:; 838;495;495;
iNumb:; 839;594;495;495;
iNumb:; 840;792;693;594;495;495;
iNumb:; 841;693;594;495;495;
iNumb:; 842;594;495;495;
iNumb:; 843;495;495;
iNumb:; 844;396;594;495;495;
iNumb:; 845;396;594;495;495;
iNumb:; 846;396;594;495;495;
iNumb:; 847;396;594;495;495;
iNumb:; 848;396;594;495;495;
iNumb:; 849;495;495;
iNumb:; 850;792;693;594;495;495;
iNumb:; 851;693;594;495;495;
iNumb:; 852;594;495;495;
iNumb:; 853;495;495;
iNumb:; 854;396;594;495;495;
iNumb:; 855;297;693;594;495;495;
iNumb:; 856;297;693;594;495;495;
iNumb:; 857;297;693;594;495;495;
iNumb:; 858;297;693;594;495;495;
iNumb:; 859;396;594;495;495;
iNumb:; 860;792;693;594;495;495;
iNumb:; 861;693;594;495;495;
iNumb:; 862;594;495;495;
iNumb:; 863;495;495;
iNumb:; 864;396;594;495;495;
iNumb:; 865;297;693;594;495;495;
iNumb:; 866;198;792;693;594;495;495;
iNumb:; 867;198;792;693;594;495;495;
iNumb:; 868;198;792;693;594;495;495;
iNumb:; 869;297;693;594;495;495;
iNumb:; 870;792;693;594;495;495;
iNumb:; 871;693;594;495;495;
iNumb:; 872;594;495;495;
iNumb:; 873;495;495;
iNumb:; 874;396;594;495;495;
iNumb:; 875;297;693;594;495;495;
iNumb:; 876;198;792;693;594;495;495;
iNumb:; 877;99;891;792;693;594;495;495;
iNumb:; 878;99;891;792;693;594;495;495;
iNumb:; 879;198;792;693;594;495;495;
iNumb:; 880;792;693;594;495;495;
iNumb:; 881;693;594;495;495;
iNumb:; 882;594;495;495;
iNumb:; 883;495;495;
iNumb:; 884;396;594;495;495;
iNumb:; 885;297;693;594;495;495;
iNumb:; 886;198;792;693;594;495;495;
iNumb:; 887;99;891;792;693;594;495;495;
iNumb:; 889;99;891;792;693;594;495;495;
iNumb:; 890;891;792;693;594;495;495;
iNumb:; 891;792;693;594;495;495;
iNumb:; 892;693;594;495;495;
iNumb:; 893;594;495;495;
iNumb:; 894;495;495;
iNumb:; 895;396;594;495;495;
iNumb:; 896;297;693;594;495;495;
iNumb:; 897;198;792;693;594;495;495;
iNumb:; 898;99;891;792;693;594;495;495;
iNumb:; 899;99;891;792;693;594;495;495;
iNumb:; 900;891;792;693;594;495;495;
iNumb:; 901;891;792;693;594;495;495;
iNumb:; 902;891;792;693;594;495;495;
iNumb:; 903;891;792;693;594;495;495;
iNumb:; 904;891;792;693;594;495;495;
iNumb:; 905;891;792;693;594;495;495;
iNumb:; 906;891;792;693;594;495;495;
iNumb:; 907;891;792;693;594;495;495;
iNumb:; 908;891;792;693;594;495;495;
iNumb:; 909;891;792;693;594;495;495;
iNumb:; 910;891;792;693;594;495;495;
iNumb:; 911;792;693;594;495;495;
iNumb:; 912;792;693;594;495;495;
iNumb:; 913;792;693;594;495;495;
iNumb:; 914;792;693;594;495;495;
iNumb:; 915;792;693;594;495;495;
iNumb:; 916;792;693;594;495;495;
iNumb:; 917;792;693;594;495;495;
iNumb:; 918;792;693;594;495;495;
iNumb:; 919;792;693;594;495;495;
iNumb:; 920;891;792;693;594;495;495;
iNumb:; 921;792;693;594;495;495;
iNumb:; 922;693;594;495;495;
iNumb:; 923;693;594;495;495;
iNumb:; 924;693;594;495;495;
iNumb:; 925;693;594;495;495;
iNumb:; 926;693;594;495;495;
iNumb:; 927;693;594;495;495;
iNumb:; 928;693;594;495;495;
iNumb:; 929;693;594;495;495;
iNumb:; 930;891;792;693;594;495;495;
iNumb:; 931;792;693;594;495;495;
iNumb:; 932;693;594;495;495;
iNumb:; 933;594;495;495;
iNumb:; 934;594;495;495;
iNumb:; 935;594;495;495;
iNumb:; 936;594;495;495;
iNumb:; 937;594;495;495;
iNumb:; 938;594;495;495;
iNumb:; 939;594;495;495;
iNumb:; 940;891;792;693;594;495;495;
iNumb:; 941;792;693;594;495;495;
iNumb:; 942;693;594;495;495;
iNumb:; 943;594;495;495;
iNumb:; 944;495;495;
iNumb:; 945;495;495;
iNumb:; 946;495;495;
iNumb:; 947;495;495;
iNumb:; 948;495;495;
iNumb:; 949;495;495;
iNumb:; 950;891;792;693;594;495;495;
iNumb:; 951;792;693;594;495;495;
iNumb:; 952;693;594;495;495;
iNumb:; 953;594;495;495;
iNumb:; 954;495;495;
iNumb:; 955;396;594;495;495;
iNumb:; 956;396;594;495;495;
iNumb:; 957;396;594;495;495;
iNumb:; 958;396;594;495;495;
iNumb:; 959;396;594;495;495;
iNumb:; 960;891;792;693;594;495;495;
iNumb:; 961;792;693;594;495;495;
iNumb:; 962;693;594;495;495;
iNumb:; 963;594;495;495;
iNumb:; 964;495;495;
iNumb:; 965;396;594;495;495;
iNumb:; 966;297;693;594;495;495;
iNumb:; 967;297;693;594;495;495;
iNumb:; 968;297;693;594;495;495;
iNumb:; 969;297;693;594;495;495;
iNumb:; 970;891;792;693;594;495;495;
iNumb:; 971;792;693;594;495;495;
iNumb:; 972;693;594;495;495;
iNumb:; 973;594;495;495;
iNumb:; 974;495;495;
iNumb:; 975;396;594;495;495;
iNumb:; 976;297;693;594;495;495;
iNumb:; 977;198;792;693;594;495;495;
iNumb:; 978;198;792;693;594;495;495;
iNumb:; 979;198;792;693;594;495;495;
iNumb:; 980;891;792;693;594;495;495;
iNumb:; 981;792;693;594;495;495;
iNumb:; 982;693;594;495;495;
iNumb:; 983;594;495;495;
iNumb:; 984;495;495;
iNumb:; 985;396;594;495;495;
iNumb:; 986;297;693;594;495;495;
iNumb:; 987;198;792;693;594;495;495;
iNumb:; 988;99;891;792;693;594;495;495;
iNumb:; 989;99;891;792;693;594;495;495;
iNumb:; 990;891;792;693;594;495;495;
iNumb:; 991;792;693;594;495;495;
iNumb:; 992;693;594;495;495;
iNumb:; 993;594;495;495;
iNumb:; 994;495;495;
iNumb:; 995;396;594;495;495;
iNumb:; 996;297;693;594;495;495;
iNumb:; 997;198;792;693;594;495;495;
iNumb:; 998;99;891;792;693;594;495;495;









